<?xml version="1.0" encoding="utf-8"?>
<openerp>
    <data>

        <record id="filter_user_stock_picking_type_allowed" model="ir.rule">
            <field name="name">Filter Stock Picking Type Allowed</field>
            <field name="model_id" search="[('model','=','stock.picking.type')]" model="ir.model"/>
            <field name="groups" eval="[(4, ref('base.group_user'))]"/>
            <field name="domain_force">[('id','in', [ p.id for p in user.default_picking_type_ids ])]</field>
        </record>

    </data>
</openerp>